Username,Like_Count,Created_At,Comment
jendamclover,964,10/12/2025 5:01,Kemarin rasanya piala dunia sudah di depan mata
a.apink_,0,10/12/2025 16:34,out petrik
ggfc.cepogo,0,10/12/2025 16:33,#patrickout
auliaasmulnst,0,10/12/2025 11:08,Posisi bang? @arya.m.sinulingga kok gak nampak abang pas timnas kalah. Alasan apalagi ini?
wong.ora.kanggo,0,10/12/2025 11:07,"ERICK THOHIR ANJING,, KLUIVERT BABI,, BUBARKAN PSSI JANCOOOOOKKKKK"
wong.ora.kanggo,0,10/12/2025 11:07,"ERICK THOHIR ANJING,, KLUIVERT BABI,, BUBARKAN PSSI JANCOOOOOKKKKK"
faridramdhnnn,0,10/12/2025 11:06,Patrik P nya PETOAKKKKK #KluivertOut
skyvincz,0,10/12/2025 11:06,Kalian HEBAT!!! Sampai disini itu sudah sangat LUAR BIASA.. AYO BANGKIT GARUDA..
danielgilang,0,10/12/2025 11:06,"Info seleksi piala aff pa,manawi tiasa abi hyng maen jadi bek"
akfarabdullah,0,10/12/2025 11:05,#patrickout
rowisultonfatahilah_,0,10/12/2025 11:05,Terima kasih sudah pernah sedekat ini.
coffea_bear,0,10/12/2025 11:05,WWKKWKW CAPE CAPE COCH @shintaeyong7777 naikin sepak bola indonesia malah di jatuhin sama coch ampas pejudiğŸ˜‚ğŸ˜‚ğŸ˜‚ğŸ˜‚ğŸ˜‚
shakielhrcts,0,10/12/2025 11:02,#patrickout
theonichol_19,0,10/12/2025 11:02,#patrickout
arpahmi_,0,10/12/2025 11:02,Tolong suruh angkat kaki skarang juga ğŸ«µğŸ»
rzz.frizz,0,10/12/2025 11:01,#PatrickOut
yuk.kav,0,10/12/2025 11:01,erik kontol
gunturshdq,0,10/12/2025 11:01,RIP PATRICK !!!!
kvtjhn,0,10/12/2025 8:57,"Don't blame yourself guys,you did great! Maybe not now,maybe tomorrow! Keep your head up Garuda!"
alek62903,1,10/12/2025 8:57,"pak @erickthohir sudah menghancurkan hati fans bola, kita pastikan karir politiknya tidak baikÂ² saja..."
rizalvandal_13,0,10/12/2025 8:57,#patrickout ğŸ’”
fikribepe_,0,10/12/2025 8:57,"Hatur nuhun kasadaya jajaran pamaen, tim, sareng pelatih. Panginten sanes rejekina tiasa lolos la Pildun, evaluasi mudah2an kapayunna langkung sae deui â¤ï¸ğŸ”¥ğŸ‡®ğŸ‡©"
alek62903,0,10/12/2025 8:57,"pak @erickthohir sudah menghancurkan hati fans bola, kita pastikan karir politiknya tidak baikÂ² saja...."
kevintindaon__,0,10/12/2025 8:57,@erickthohir pak...
irfancelluler.tanjungtambak,0,10/12/2025 8:57,ğŸ’”ğŸ’”ğŸ’”ğŸ’”ğŸ’”ğŸ’”ğŸ’”KALO PELATIHNYA MASIH STY MUNGKIN GAGAL GAK JADI MASALAH ğŸ’”ğŸ’”ğŸ’”ğŸ’”ğŸ’”ğŸ’”ğŸ’”
zazahraf_,0,10/12/2025 8:56,thank you so much GarudakuğŸ¤
panri_tayya,0,10/12/2025 8:56,Out kau anjingggg @erickthohir
yogiiii391,1,10/12/2025 8:56,Woy petrik di tungguin sama Spongebob di suruh pulang #petrickout
satriaadee,0,10/12/2025 8:56,Tanggung jawab ndut @erickthohir
wati.zila,0,10/12/2025 8:56,"Terima kasih untuk permainan yg optimal, ini menjadi pembelajaran utk management kedepan. Tetap semangat..karena kalian semua tetap no. 1"
ardabilfahrezi,0,10/12/2025 8:55,Haha
klikyamaha,0,10/12/2025 8:55,"@erickthohir Usul pak, knp Qt tidak belajar dari timnas Arab Saudi dan Australia? Arab Saudi mengganti pelatih mantan bintang timnas Italia dan kembali ke pelatih lama yang pernah mengangkat pamor arab Saudi begitu juga dengan Australia keputusan mengganti pelatihnya juga sangat tepat. Sy harap kita tidak selalu beralasan ini pembelajaran dan ujian tapi Qt tetap gagal di pelajaran yg sama."
yabsour,0,10/12/2025 8:55,Untung kaga di tonton
galangbartverbruggen8,0,10/12/2025 7:40,Patrick out
galangbartverbruggen8,0,10/12/2025 7:40,Patrick out
galangbartverbruggen8,0,10/12/2025 7:40,Patrick out
adityawrmn_,0,10/12/2025 7:40,Selain patrick kalian semua udah keren ğŸ˜­ğŸ˜­ğŸ˜­
pradityacandraa,0,10/12/2025 7:40,"Sakit hati,harus punya hatiğŸ’”"
mhmd_dhlan28,0,10/12/2025 7:40,"Udah Paling Bener Liga Korupsi, Malah Mau maen Piala Dunia Segala Wkwkwk"
fwz_2805,0,10/12/2025 7:40,@erickthohir di kasih yang kelas dunia
debi_coknan,0,10/12/2025 7:40,@erickthohir  balekno sty
koseina.hikari17,0,10/12/2025 7:40,"@erickthohir Pak mundur pak bawa sekalian jajaran pejabat anda untuk mundur, jaga harga diri anda, saya gak akan menghujat bapak, saya cuma ingin anda bertanggung jawab dengan mundur dari jabatan anda"
ptrafrrmnsyh12,0,10/12/2025 5:36,Klo udah gini harus nyalahin siapaa??
tesaapiyan,0,10/12/2025 5:36,Thx guys u do your best â€¦. Tp kita ga bisa iklas gitu saja he he â¤ï¸ yg harus out mending out sekarang :)
ferd_conard,0,10/12/2025 5:36,FCK U..... FCK U..... FCK U..... FCK U..... FCK U..... FCK U..... FCK U..... FCK U..... FCK U..... FCK U..... FCK U..... FCK U..... FCK U..... FCK U..... FCK U..... FCK U..... FCK U..... FCK U..... FCK U..... FCK U..... FCK U..... FCK U..... FCK U..... FCK U..... FCK U..... FCK U..... FCK U..... FCK U..... FCK U..... FCK U..... FCK U..... FCK U..... FCK U..... FCK U..... FCK U..... FCK U..... FCK U..... FCK U..... FCK U..... FCK U.....
mhmmd.hasfi,0,10/12/2025 5:36,"Out aja rik, sama si patrik out aja"
cayesszh,0,10/12/2025 5:36,ğŸ’”
lidyapz,1,10/12/2025 5:10,â¤ï¸â¤ï¸â¤ï¸
habibazhiim,1,10/12/2025 5:10,ğŸ¥€ğŸ’”
mrizkifahrial,0,10/12/2025 5:10,#erickout
arjunganteng078,0,10/12/2025 5:10,Pecat petrik
michaelmurphii,0,10/12/2025 5:10,"nicetry garuda, terimakasih telah berjuangğŸ«¡ğŸ‡²ğŸ‡¨"
dwidhiaditama,0,10/12/2025 5:10,Out pk
tasik_boy33,1,10/12/2025 5:10,"Blunder sih, siapa sih,,,oh bukan pemain Persib ko ğŸ˜‚ğŸ¤­"
sastrapt,0,10/12/2025 5:10,"Terima kasih utk semuanya, punggawa garuda ğŸ¦…â¤ï¸â€ğŸ”¥ . Sampai ketemu lagi di match Piala Asia 2027. SemangatâœŠï¸ğŸ”¥"
tasyamonicaptr,0,10/12/2025 5:10,Yaallah yaallahğŸ˜¢ğŸ˜¢
dvnvitoo,0,10/12/2025 5:10,ğŸ’”ğŸ˜­
agung_dwisptr,1,10/12/2025 5:10,Rusak-diperbaiki-dibangun - DIRUSAK
tumpalsimanjuntak7471,0,10/12/2025 5:10,Mensereeetttttt
fa_hmi3131,0,10/12/2025 5:09,Belegug si hideng
d4ooww,3,10/12/2025 5:09,patrick OUT!!!!!
fajarrofa,4,10/12/2025 5:09,Libur dulu nonton timnas sampai pelatihnya diganti.. #kluivertout
samuelmarbun92,0,10/12/2025 4:47,Pertanyaan abdi teh kenapa harus dibatasi ya kolom komen bapaknya @erickthohir dan @arya.m.sinulingga ğŸ¤¥ğŸ—¿
diastzy___,0,10/12/2025 4:47,ğŸ’”ğŸ˜¢
wisti_adi,0,10/12/2025 4:47,Mafia mafia gak tau malu
rayyansyin,0,10/12/2025 4:47,#Lempartelor
90s.footballclub,0,10/12/2025 4:47,"Thanks Garuda, comeback strongerâ¤ï¸"
tull.faa22,0,10/12/2025 4:47,"@erickthohir yang terhormat untuk bapak, anda orang paling pertama yg harus bertanggung jawab atas kegagalan timnas kita, pupus sudah harapan rakyat Indonesia pngen liat timnas tampil di piala dunia, anda mengganti pelatih disaat coach sty belum merampungkan tugasnya, dan akhirnya pelatih baru melakukan blunder fatal, mengubah komposisi pemain starter yg udah coach sty bangun dengan susah payah malah pelatih baru menghancurkan semuanya, al hasil lawan Arab kebobolan 3 gol dengan mudahnya dan Indonesia tampil tanpa melakukan shoot saat melawan arab, kalo sudah kaya gini mau gimana pak."
lailaturrhm,0,10/12/2025 4:47,raagadek
rayyansyin,1,10/12/2025 4:47,#Lempartelor
rifandiprrr._,0,10/12/2025 4:47,@erickthohir out anjing
rayyansyin,0,10/12/2025 4:47,#Lempartelor
rayyansyin,0,10/12/2025 4:47,#lempartelur
wi.ahsan,1,10/12/2025 4:47,"Pk out, klo sama2 gagal sama STY jga bisa kanğŸ˜‚"
m.arya46arifin,0,10/12/2025 4:47,Pengurus pembantu pundit
prtmaaygii,0,10/12/2025 4:46,@erickthohir outtt
dandy00s,0,10/12/2025 4:46,"@erickthohir kalo punya malu, mundur lah..
Kalo lu punya malu yaa"
rndyrmdniii_,0,10/12/2025 4:27,come one guys next fokus piala asiağŸ”¥ğŸ”¥
ferdianhadinata_,0,10/12/2025 4:27,â¤ï¸
evolusi103,0,10/12/2025 4:27,Lebok
pulkopay,0,10/12/2025 4:27,KONTOL ANJING BABI LOE SEMUA ORANG ORANG POLITIK YG SOK PEDULI KE SEPAK BOLA
rayaaaa_16,0,10/12/2025 4:27,semoga lekas pulih membaik negara iniâ¤ï¸â€ğŸ©¹
ardynr_,0,10/12/2025 4:27,PKstayğŸ‘
mlg.48,0,10/12/2025 4:26,NOğŸ’”
___helminuari,2,10/12/2025 4:26,udeh pildun nye udeh kelar drama cinderella nya udah selesai sang cinderlla udah nemuin pasangannya. yok kanjuruhan yok di usut
blet_ngiseng,0,10/12/2025 4:26,erik dancok
maldcsrrr,0,10/12/2025 4:26,Susah kao orng atasnya masih pd main mahğŸ’”
juniadi97,0,10/12/2025 4:26,ğŸ˜‚ğŸ˜‚ğŸ˜‚ğŸ˜‚
saism03,0,10/12/2025 4:26,
elfikihadi,0,10/12/2025 4:26,PSSI KONT ğŸ’”
supermanbatman384,1,10/12/2025 4:26,SHIN TAE YONG !
aksara_al_hanan,0,10/12/2025 4:26,Kami bangga sama kalian semua KECUALI FEDERASInya ğŸ’”ğŸ’”ğŸ’”
alfianbree,0,10/12/2025 4:06,@erickthohir @arya.m.sinulingga ngalahÂ²in ketoprak humor kalau soal ngelawak
tadza23,0,10/12/2025 4:06,Apa apaan
ajirp16,1,10/12/2025 4:06,@bungtowel8 @akmalmarhali20 @arya.m.sinulingga @erickthohir kon kabeh gausah kakean cangkem. tanggung jawab!!!
4alex________________,0,10/12/2025 4:06,NT SAYANGGG
ristagus,0,10/12/2025 4:06,kangen sty
satria_cj,0,10/12/2025 4:06,"Suruh pulang itu patrick ""goblog"" kluivert"
axelmntr,0,10/12/2025 3:33,"Jauh"" Mikiran pildun , lawan iraq ripuh na ges siga lawan spanyolğŸ¥±"
saiful_cupliss,0,10/12/2025 3:34,#kluivertout
farahdin4_,0,10/12/2025 3:33,ğŸ˜¢
_1yozz,0,10/12/2025 3:34,duh
zaldy2603,1,10/12/2025 3:19,STY in...
dagoel_mat21,0,10/12/2025 3:19,out Patrick
yudi1899,0,10/12/2025 3:20,Nt ntğŸ‘ğŸ¼
bagusz1jk,1,10/12/2025 3:20,StyğŸ”¥
sansdqq_,2,10/12/2025 3:19,ğŸ¤£ğŸ¤£ğŸ¤£ğŸ‡®ğŸ‡¶
aafhdyt_,1,10/12/2025 3:19,Terimakasih @timnasindonesia â¤ï¸
sultonjunior98,0,10/12/2025 3:19,Kembalikan @shintaeyong7777
trihwijaya,1,10/12/2025 3:19,Mana towel giliran begini kg nongol
achin_goldlion,1,10/12/2025 3:19,#patrickkluivertout cape cape STY bangun di acak2 temennya spongbob
____praasss,0,10/12/2025 3:20,patrick out pelatih terbaik sepanjang masa
adikamahfudin20,0,10/12/2025 3:20,#kluivertout
amdhan_27,0,10/12/2025 3:19,Terimakasih atas perjuangnnyağŸ’”ğŸ‡®ğŸ‡©ğŸ¦…
herwin.irwandi,0,10/12/2025 3:20,#patrickout
gandhi_shiro,1,10/12/2025 3:20,"hidup bung towel.,hidup evan dimas ğŸ˜‚"
yasharromadhon,0,10/12/2025 3:20,Pelatih kok coba-coba ğŸ˜‚
agungsa____,2,10/12/2025 3:04,petrik petrikk
agusmurodalfarizi,0,10/12/2025 3:05,ğŸ’”ğŸ’”ğŸ’”ğŸ’”
atfaillh,1,10/12/2025 3:05,"#Erickthohirout , semua gara gara erick mecat STY ğŸ™"
xeeylaaz,0,10/12/2025 3:04,sengaja kah mecat sty tapi masukin patrick biar terus di era kegelapan? se gamau itu sepakbolanya maju yah?
svcw_vtm,0,10/12/2025 3:04,semangat lagi timnas untuk pildun 2030ğŸ‘â¤ï¸
bar.akbar_,0,10/12/2025 3:05,MINGGU M - NYA APA MPEK
rachmathidayatsonda,1,10/12/2025 3:04,"HAHAHAHA, TERIMA KASIH #ERICKTOHIR"
wahid.hp,1,10/12/2025 3:04,Pelatih ganti sama jesuscasas min bagus tuh dia paham regional asiağŸ”¥
rahmadrisqi29,0,10/12/2025 3:03,p
alvinfadh_,0,10/12/2025 3:04,nt udah sejauh ini ğŸ˜­
adtyamuhammad_,0,10/12/2025 3:04,#patrickout
07.12_pm,0,10/12/2025 3:05,Si ridho suruh pokus dangdut aja haha
aepspln,2,10/12/2025 3:05,Mari rakit kembali mimpi itu
ghunawan77,0,10/12/2025 3:04,@allvarezz_ gimana ini Bintang laut sebenrnya mau bawa indo kemana si?
tnlmnt,1,10/12/2025 3:04,Total football âŒ  Gagal Total âœ”ï¸
ariduaan_14,0,10/12/2025 2:52,#kluivertout
kahfy_15,0,10/12/2025 2:52,HeuhhğŸ’”
egysaputra95_,1,10/12/2025 2:51,Awal kehancuran timnas dari pemecatan @shintaeyong7777
wiannnnnn_,0,10/12/2025 2:51,
ashozill,0,10/12/2025 2:52,GarudogğŸ˜‚ğŸ˜‚ğŸ˜‚
quotedzt,0,10/12/2025 2:52,Rispect minğŸ’”ğŸ˜­
_deltatee,0,10/12/2025 2:52,"@erickthohir mundur aja , ga becus kerjamu."
berrybroto,0,10/12/2025 2:52,Terus saya harus bagaimana?
trisnoidd,0,10/12/2025 2:52,Patrickout
alfi.juliant,0,10/12/2025 2:51,Suwon cak @433
iambaagass,0,10/12/2025 2:52,Pasukan jeruk kemana ?
joecolealdzar,13,10/12/2025 2:51,"Bikin sedih, hancur"
dedewpsp,0,10/12/2025 2:51,ğŸ¥¹â¤ï¸ğŸ«‚
glnganrkii,0,10/12/2025 2:51,Yaudah
msyahrulhanafi,0,10/12/2025 2:52,ğŸ’”
ptraa.kenee,3,10/12/2025 7:40,"Perjalanan timnas Indonesia di Kualifikasi Piala Dunia 2026
ROUND 1
ğŸ‡§ğŸ‡³ Brunei 0-6 Indonesia ğŸ‡®ğŸ‡©
ğŸ‡®ğŸ‡© Indonesia 6-0 Brunei ğŸ‡§ğŸ‡³
ROUND 2
ğŸ‡®ğŸ‡¶ Irak 5-1 Indonesia ğŸ‡®ğŸ‡©
ğŸ‡µğŸ‡­ Filipina 1-1 Indonesia ğŸ‡®ğŸ‡©
ğŸ‡®ğŸ‡© Indonesia 1-0 Vietnam ğŸ‡»ğŸ‡³
ğŸ‡»ğŸ‡³ Vietnam 0-3 Indonesia ğŸ‡®ğŸ‡©
ğŸ‡®ğŸ‡© Indonesia 0-2 Irak ğŸ‡®ğŸ‡¶
ğŸ‡®ğŸ‡© Indonesia 2-0 Filipina ğŸ‡µğŸ‡­
ROUND 3
ğŸ‡¸ğŸ‡¦ Arab Saudi 1-1 Indonesia ğŸ‡®ğŸ‡©
ğŸ‡®ğŸ‡© Indonesia 0-0 Australia ğŸ‡¦ğŸ‡º
ğŸ‡§ğŸ‡­ Bahrain 2-2 Indonesia ğŸ‡®ğŸ‡©
ğŸ‡¨ğŸ‡³ China 2-1 Indonesia ğŸ‡®ğŸ‡©
ğŸ‡®ğŸ‡© Indonesia 0-4 Jepang ğŸ‡¯ğŸ‡µ
ğŸ‡®ğŸ‡© Indonesia 2-0 Arab Saudi ğŸ‡¸ğŸ‡¦
ğŸ‡¦ğŸ‡º Australia 5-1 Indonesia ğŸ‡®ğŸ‡©
ğŸ‡®ğŸ‡© Indonesia 1-0 Bahrain ğŸ‡§ğŸ‡­
ğŸ‡®ğŸ‡© Indonesia 1-0 China ğŸ‡¨ğŸ‡³
ğŸ‡¯ğŸ‡µ Jepang 6-0 Indonesia ğŸ‡®ğŸ‡©
ROUND 4
ğŸ‡®ğŸ‡© Indonesia 2-3 Arab Saudi ğŸ‡¸ğŸ‡¦
ğŸ‡®ğŸ‡¶ Irak 1-0 Indonesia ğŸ‡®ğŸ‡©
Perjuangan terhenti di sini ğŸ¥²
tetap semangat untuk para pemain, Terima kasih sudah berjuang."
kumalaiga_,1,10/12/2025 7:39,Galau bangetttt ya AllahğŸ’”
satrioooi,0,10/12/2025 7:39,ğŸ’”
fikrymaulanahrp,1,10/12/2025 7:39,"yok saudara2 ku sebangsa dan setanah air. jangan cuma ramein atau desak si patrick out #patrickout , tapi juga ramein dan desak untuk segera Revolusi PSSI #revolusipssi mau sampai kapan sepakbola kita gini2 aja, di jadikan alat politikğŸ˜­"
purnomomo_,0,10/12/2025 7:39,Dari awal kepelatihannya aja sudah meragukan !
saldiiii10,0,10/12/2025 7:38,pecat patrick ğŸ™Œ
tikus_airgot,0,10/12/2025 6:47,Patrick out
azissaputra423,0,10/12/2025 6:47,tanggung jawab pak
_bagasta,0,10/12/2025 6:47,2030 Ngapain lg buat ditonton .
pauzandaulay,0,10/12/2025 6:47,Hahaha
briven_nurtiolan,0,10/12/2025 6:47,6 laga 6 poin ? Gimana tuh katanya lebih baik
cristohazta,0,10/12/2025 6:47,Oalah pak erick pak erick ğŸ˜ƒ saya cuman ketawa geli saat anda beri keputusan ambil temen nya spongebob
iqbaalpratamaaa_,1,10/12/2025 6:46,PSSI JANCOK PENYAKIT
meliyapusviyanti,0,10/12/2025 6:46,"YolohÂ² udah mah belum punya anak , ini bisa jadi salah satu hiburan eh ngapa endingnya gini , sedih amat ğŸ˜­ğŸ˜­ğŸ˜­ğŸ˜­"
heries241524,0,10/12/2025 6:46,"Pada gentle aja udaaahhâ€¦.. Mundur dari tim pelatih, pimpinan & exco federasi. Kalian kan udh berstempel â€œGa Becusâ€!!!"
ricaazwanii,0,10/12/2025 6:46,ğŸ¥€
ynbastian,0,10/12/2025 6:46,ğŸ’”ğŸ˜¢
awan_xviii,0,10/12/2025 6:46,"Kita bangga dengan para staff dan pemain, tapi tidak dengan ET AS PK nya"
muhamadpratamaaaa,0,10/12/2025 6:46,semua salah persib!!!
itsrochh,0,10/12/2025 6:46,"Terima kasih kepada semua pemain dan tim kesehatan sudah berjuang,selebihnya bodo amat ğŸ’”"
xxnadilanurr,4,10/12/2025 6:46,"KASIAN PATRICK SECARA G LANGSUNG DIA DIKAMBINGHITAMKAN SAMA ERIC WKWKW PADAHAL DALANG UTAMA NYA KAN ERIC WKWKW... 

SEHATÂ² COACH DAN PARA PEMAIN  TERIMAKASIH KALIAN SUDAH MELAKUKAN YANG TERBAIK ğŸ¥ºğŸ‡®ğŸ‡©"
koyprikitiwww_709,0,10/12/2025 6:10,ntğŸ’”
daanigarfield,0,10/12/2025 6:10,Mas RR mas RRğŸ˜‚
ebonprayit12,1,10/12/2025 6:10,@erickthohir  kalo ujung ujungnya gagal lebih baik gagal bersama @shintaeyong_7777
konveksisurabaya_qampuzshop,1,10/12/2025 6:10,#PATRICKKLUIVERTOUT
dickywakmall,1,10/12/2025 6:09,Kalau gagal mending gagal bersama sty
ttahh_23,0,10/12/2025 6:09,Semoga mereka tidak menyesal para pemain naturalisasi ğŸ‘‹
yordan_kelengentaginting,0,10/12/2025 6:09,"Thank you for fighting for this beloved country. Keep up the good work, Timnasqu. This isn't the end of the world. Remember that true strength lies in the ability to rise again after a fall."
bag_20bs,0,10/12/2025 6:09,Kluivert taek taek
dyattttttttttt,1,10/12/2025 6:09,@erickthohir ğŸ˜¢
alif.amirulsy,0,10/12/2025 6:09,
whyslowe152930,0,10/12/2025 6:09,"#ratutishain
#stycomeback
#erickthohirout
#patrickkluivertout"
dayak_nusantara,0,10/12/2025 6:09,#Patrickout
agilbafaldi3,0,10/12/2025 6:09,Di bangun sty di hancurkan patrick spongbobğŸ‘Š
dariaji_,0,10/12/2025 6:08,"Video masuk lockerroom sambil ""COME ON GUYS""nya mana @erickthohir"
ediprayogo_bukanblantik,0,10/12/2025 6:08,ğŸ˜­
akidnaiem,0,10/12/2025 5:37,pfftt
elhanan_fathariano,0,10/12/2025 5:37,"Kembalikan STY,#patrickout"
yudistira9577,0,10/12/2025 5:37,ğŸ’”
alta_febrianto,0,10/12/2025 5:37,Wayae out @erickthohir
cecepfahmi,1,10/12/2025 5:36,Sisakan ruang Ikhlas walau berattt
przfkriarsy_,0,10/12/2025 5:36,kacau ah
addeex12,0,10/12/2025 5:36,#patrikout
ibbraahimmm_,1,10/12/2025 5:36,DAN TERJADI LAGI
currentlypl4yin666,0,10/12/2025 5:36,"uda ga kaget, entah kutukan atau DARKSYSTEM"
rifqiiinsomnia_,0,10/12/2025 5:36,AKU SI RAK IKHLAS
anief_elfauz,0,10/12/2025 4:06,Selamat buat Erick dan Patrick masih banyak pertandingan timnas Indonesia selanjutnya yg bisa dijual ke pihak lawan suporter hanya kebagian mimpi dan kecewa aja buat Pak Erick dan Patrick Jaya Jaya Jaya Kaya Raya hidup Mafia bolağŸ˜‚
explore_jorong,1,10/12/2025 4:06,"Coba lihat pak @erickthohir semenjak ganti pelatih, bukan nya semakin membaik, malah semakin memburuk, main nya gak jelas, kalah para pemain disalahkan, di era @shintaeyong7777 kalah pun masih enak di tonton,.apa masih mau mempertahan pelatih sekrng."
dimsari1609,0,10/12/2025 4:06,@erickthohir TANGGUNG JAWAB LU KNTL
thegreatgiondefiga,0,10/12/2025 4:05,@erickthohir  NPD .. Masuk ruang Ganti Seenaknya.. Mecat pelatih semaunya.. WWC pelatih pas Public Holiday .. tolong @tsamaradki Bersihin jilatin nama baik nya..
sweeterth4nfiction,0,10/12/2025 4:05,Kali ini keblunderan ketum sendiri sih
salwardn,0,10/12/2025 4:05,ğŸ’”ğŸ˜¢
are_youoke77,0,10/12/2025 4:05,"kenapa era PK mainnya jadi ancur gini , pas jaman sty main enak ga ancur gini ,nt pildun ğŸ¥€"
faridannas,0,10/12/2025 4:05,Tahniah pak @erickthohir & mr @patrickklu
ilham_elsyafa81,0,10/12/2025 4:05,"Semua akan gapapa kalo gantinya STY lebih baik, tapi kalo gini yaelaaaaaaaah"
iloveyouamber1,0,10/12/2025 4:05,ğŸ˜‚
jagoan_mamapapa03,1,10/12/2025 4:05,Rip patrick
lesmanasadam,1,10/12/2025 4:05,Perpanjang kontrak Patrick ğŸ˜
panggilakufahmi,0,10/12/2025 4:05,kaya mana ini @ze1nd1n ğŸ˜¢ğŸ˜¢ğŸ˜¢
rendiaaaaaaa,0,10/12/2025 4:05,ğŸ’”
_chulopapi10,0,10/12/2025 4:05,ğŸ’”
adib.affan.alfian,0,10/12/2025 4:05,Yey Gk Jadi Pildun Wkwkkwkw (Dalem Hati Nyesek BangetğŸ˜­ğŸ˜­ğŸ˜­)
saturn1707,0,10/12/2025 4:05,#PATRICKOUT
farrelarlin,1,10/12/2025 4:05,"KATANYA PIALA DUNIA, GK TAU NYA PIALA ASIA, PSSI G****K, INDONESIA DI OBOK OBOK."
alfinrhkm,0,10/12/2025 4:05,ğŸ˜”ğŸ˜”
_adyprstyo,1,10/12/2025 4:05,#patrickout
andikadwib,1,10/12/2025 4:05,udah bener sty malah diganti kocakğŸ˜¹
mhafizxz,0,10/12/2025 4:05,Petrik out
01iilyui,0,10/12/2025 4:05,ğŸ˜¢ğŸ˜¢ğŸ˜¢
hijrahhm21_,1,10/12/2025 4:05,Rido ganti aja sama justin hubnerğŸ˜­ğŸ˜­
keykozaa,0,10/12/2025 3:49,erick ASU I
hsnd___,1,10/12/2025 3:47,@bungtowel8
ridhawibowoo,0,10/12/2025 3:48,ğŸ’”
golken_fc,0,10/12/2025 3:48,Patrick out....
rizafadilahasidqi,1,10/12/2025 3:47,HAHAHHAA
whandy15,0,10/12/2025 3:48,HAHAHAA
dickycandraar,0,10/12/2025 3:48,Pemain udah luar biasa bngt. Malah dpt pelatih yg modal dateng interview di hari natal ğŸ˜­
marjanmudhaffar25,0,10/12/2025 3:47,"BILANGIN KE SI BINTANG LAUT KLUIVERT ITU, MAU MAIN DI BYON APA HSS? SAMA TOWEL SEKALIAN DAH"
fbrinsyhmnjt_,0,10/12/2025 3:47,"Ko smlm var nya tiba"" mati lampu ğŸ˜¢"
maszehhh35,0,10/12/2025 3:49,SUDAHI MAIN KINGÂ²AN...KING YANG ASLI CUMA KING EMYU..
ceceyourbae13,0,10/12/2025 3:48,Var tidak terpakai mubah
bimaaprilianp,0,10/12/2025 3:48,@hanifmu_ udh minum obat penenang kah? Besok jadwal  kontrol pskiater lagi ya.. maaf @satriaadepermana agak laen ini ğŸ™
ar__yoox07,0,10/12/2025 3:49,â¤ï¸â¤ï¸â¤ï¸â¤ï¸â¤ï¸â¤ï¸â¤ï¸â¤ï¸
sahlantogk,0,10/12/2025 3:48,Puass @erickthohir ?? STY Merintis PK MembubarkanğŸ”¥ğŸ‘ Mantab Jiwaaaaa
muamazz_,0,10/12/2025 3:47,"era STY : ""King indo ni boss"" ""telfon Argentina kita rematch""
era Patrick : ""sisakan ruang ikhlas""ğŸ˜­"
indra.dwp,0,10/12/2025 3:34,Indonesia sudah kalah semenjak STY dipecatğŸ™
billy10sentanu,0,10/12/2025 3:34,"Cm mau bilang, semangat dan stay with this team ya gaes ğŸ˜­â¤ï¸"
alfiraanjani03,0,10/12/2025 3:33,Thank you for all the players who always give everything for IndonesiağŸ‘ğŸ‘. We proud with all of you guysğŸ‘ğŸ‘ğŸ‘
rehaangga,0,10/12/2025 3:33,Udah gagal trs Caption erik menjadi bijak wkwk
muhammad_fikri_alghifarireal21,0,10/12/2025 3:34,#pecatpatrickkluivert
mas_an106,0,10/12/2025 3:34,Bubar ajalah dah gaada harapan lagi ğŸ’”
az_mhndra,3,10/12/2025 3:34,"udahlah emang paling bagus gak lolos ke pildun, sdm suporter masih belum siapp dikit dikit nyerang ig pemain lokal yang bermaij di club rivalğŸ˜‚ğŸ˜‚ğŸ˜‚"
aufanabil12,0,10/12/2025 3:33,ğŸ’”ğŸ˜‚
ferharrdd,0,10/12/2025 3:33,Puass teu lolos cek aing ge da moal lolos
nadiraanahdahhh,0,10/12/2025 3:33,aduhh menangis hati iniiğŸ˜”ğŸ˜­ğŸ˜­
dncryy,1,10/12/2025 3:34,kami masih bersamamu garudağŸ‡®ğŸ‡©ğŸ‡®ğŸ‡©
wijaya_oma,0,10/12/2025 2:38,KLUIVERT STAY SAMPE KIAMAT !!!!!!!!
syarifavito,0,10/12/2025 2:39,"gaiso berkata kata ndelok ptrik, gumbulo bahlil ae gausa dadi pelatih"
_hbibrhman,0,10/12/2025 2:39,kalo gini mh mening pilih sty pssi bodoh
haybasith,0,10/12/2025 2:38,ğŸ’”
ydtsss_02,1,10/12/2025 2:39,satu2nya cara buat tanggung jawab mundur!!!
mhdabbehfdz,0,10/12/2025 2:38,persib
fajarlesmana_30,0,10/12/2025 2:38,Tohir out
nsblaaaaa,1,10/12/2025 2:38,disuruh sisakan ruang ikhlas cmiw HAHA #PATRICKOUT
lidyaav93,0,10/12/2025 2:38,"Terimakasih timnas dan pelatih,,,Gda pelatih yang ingin tim nya kalahhh timnas udahhh klop sama kepelatihan STY dengan mudah nya pal erich merubah semuanya yg udah di bangun oleh STY akhirnya skrg hancur sudahh semua gara""pak erick ğŸ˜­ğŸ’”"
ulinnuha.99,1,10/12/2025 2:38,Skwkkwwk
riyanti_ria84,2,10/12/2025 2:38,@erickthohir tangung jawabğŸ’”
sheilas_father,0,10/12/2025 2:38,Kok iso nyasarğŸ˜œ
badsin_ner,0,10/12/2025 2:38,Republik Mafia ğŸ˜‚
erlyn_hrw,0,10/12/2025 2:38,Cuman bangga sama pemain nya aja yang udh berjuang mati matian supaya lolos â¤ï¸
abang_joy,3,10/12/2025 2:39,Kalaupun gagal kita lebih rela bersama STY ğŸ™Œ
ta2ng_tarmady,0,10/12/2025 2:27,#erickout  KLO MASIH PUNYA MALU OUT KM @erickthohir !!!!
triyana76,0,10/12/2025 2:27,Akhirnya gugur jugağŸ’”
alx.patris,0,10/12/2025 2:26,ğŸ’”ğŸ’”ğŸ’”
bagusssardhi,0,10/12/2025 2:26,yang minta Kluivert out harusnya sekalian yg udah ngehancurin semuanya yg jabatannya âœŒ
sindiyauliy,0,10/12/2025 2:26,sumpah ga mood
argaaaaaa_99,0,10/12/2025 2:26,buang aja itu coach Patrik
regiyudapratama,0,10/12/2025 2:27,Timnas aing mah PERSIB
sindiyauliy,0,10/12/2025 2:27,ğŸ’”ğŸ’”ğŸ’”ğŸ’”ğŸ’”ğŸ˜­ğŸ˜­ğŸ˜­ğŸ’”ğŸ’”ğŸ’”
ujangtamvan_11,0,10/12/2025 2:27,sare sare da saria teh jelema
raavfy_16,0,10/12/2025 2:26,PATRICK OUT
meccasurakartans,0,10/12/2025 2:26,"Kalau hasilnya sama-sama gagal, pribadi saya lebih milih gagal bersama STY!!!!"
breezzyyesha,0,10/12/2025 2:27,ğŸ’”
hafizhnurihsan,0,10/12/2025 2:27,Kluivert outğŸ”¥
wahid_hidayatullah07,0,10/12/2025 2:26,Kecewa kali aku bujang inam
sang.alang.121,0,10/12/2025 2:26,"Semua out dari pssi kecuali ratu tisha..erik tohir,arya,dan exco juga pelatih jancok itu yang sudah menghancurkan mimpi rakyat indonesia.."
pangeranlantang,1,10/13/2025 10:39,"udha gaush salah2an, mereka udh berjuang maximal, mereka juga gamau gaada yg mau ga lolos, emang Tuhan belom kasih piala dunia ke kita, kita doakan yang terbaik aja buat Indonesiaâ¤ï¸"
ramaboyss98,2,10/12/2025 3:55,"ERIK OUT
PURBAYA IN"
kunc_art,3,10/12/2025 4:16,Sakit tapi tak berdarah
abbdham42,1,10/16/2025 12:09,MATUR SEMBAHH NUWUN GARUDAKUUUUğŸ™ŒğŸ”¥ğŸ”¥ğŸ”¥ğŸ”¥ğŸ”¥â¤ï¸â¤ï¸â¤ï¸â¤ï¸â¤ï¸â¤ï¸
adjieonyon,1,10/12/2025 6:43,Terima kasih untuk para pemain yang sudah berjuang sekuat tenaga. Tetap semangat GAEUDAğŸ¦¾ğŸ‡®ğŸ‡©ğŸ¦¾â¤ï¸
naelarya,1,10/12/2025 3:34,#ErickTohir Out â€¼ï¸
fathiya.shakila1915,4,10/14/2025 11:26,"Kalau disuruh memilih lebih memilih gagal  bersama coach STY yang memperbagus timnas indonesia,dan terimakasih atas perjungan  kalian semua timnas indonesia hebatğŸ¥¹ selamt tinggal pildun dan se youu pildunğŸ’”ğŸ¥ºğŸ¥¹"
hasyimsani_,2,10/15/2025 15:49,"Andai ganti pelatih setelah lolos pildun, warga indo bisa menerima"
adisipit28,2,10/12/2025 4:24,Cukup sudah pak kau menyakiti kita para pendukung timnas. Dan tolong kembali kan sty
tegardevian,1,10/12/2025 5:48,NT
muhammadsyadzili,2,10/15/2025 22:30,#kluivertout #aryaout
khaidar_azizi,1,10/15/2025 12:15,#patrickkluivertout #ericktohirout #shintaeyongin
muhammadsyadzili,4,10/15/2025 22:31,#kluivertout #aryaout
roy_m.m.m,2,10/15/2025 5:40,180 menit menuju piala dunia ğŸ¤­ğŸ˜‚
goodchilld86,3,10/14/2025 21:31,ketua menpora harus menegur ketua pssi
o.ozzii,0,10/18/2025 5:16,"Udah lah gk ush mimpi ke pildun,selama ketuanya si tohir, gk bakal kesampaian"
saifun03,0,10/17/2025 22:00,"Kayaknya federasi federasi di Arab masih mending karena mau lakuin berbagai cara  untuk negaranya bisa masuk piala dunia, tapi federasi kita (Indonesia)  sangat berengsek orang orangnya karena mereka melakukan segala cara hanya untuk mengenyangkan perut mereka sendiri."
indra_anakcemen,0,10/17/2025 17:37,pactrik out pa udh rusakin timnas indonesia
indra_anakcemen,0,10/17/2025 17:36,udahan gara gara pactrik yang hancur kan timnas indonesia udh di bangun sama sty
dioputra_1400,0,10/17/2025 15:01,Out Patrick and Erick thohir
adtyaaarskyyy_,0,10/17/2025 8:24,
harissudradjat,0,10/17/2025 6:13,Agony of Jeddah 2025 #patrickkulivert #erickthohir
m_irido,0,10/16/2025 16:46,"Stop naturalisasi, mending pakai lokal saja kalo cuman dijadikan badut sama mafia"
ririn_408,0,10/16/2025 12:59,Cape bangettt gegara eric
haenurtimah,0,10/16/2025 10:56,â¶
baliyau__,1,10/16/2025 5:11,Ganti Erick tohirnya aja ğŸ¤£ dia pebisnis bukan orang yang ngerti bola ğŸ˜‚ğŸ˜‚ dia di angkat jadi ketum PSSI pun pasti karena politik bukan karena dia ngerti bola pasti ğŸ˜‚ğŸ˜‚
ahmadfirdaus_72,2,10/15/2025 23:27,"jgn nonton pertandingan timnas, klo masih di latih org belanda ga jlas #kluivertout"
muhammadsyadzili,2,10/15/2025 22:31,#kluivertout #aryaout
muhammadsyadzili,1,10/15/2025 22:31,#kluivertout #aryaout
muhammadsyadzili,1,10/15/2025 22:31,#kluivertout #aryaout
abdurozikkkkkkkk,3,10/12/2025 17:00,
deariski_nf,0,10/12/2025 16:59,#erickthohirout
deariski_nf,1,10/12/2025 16:59,#kluivertout
azis.muhamad_,0,10/12/2025 16:53,ğŸ˜¢
c_epav02,0,10/12/2025 16:52,Pk out
asyraf.widodo,0,10/12/2025 16:50,"Terimakasih... Keep fighting n never give up, ğŸ”¥ğŸ”¥"
ricko6446,1,10/12/2025 16:45,Pada Intinya. SAYA BERJUDI DENGAN KEPUTUSAN YANG SAYA AMBIL
mooninnsky,2,10/12/2025 16:44,"senang sudah membersamai kalian dari waktu ke waktu, thank you for everything Garuda. see you in the next story â¤ï¸"
ul_azm12,0,10/12/2025 16:41,Erik mundur erik dri pssi sekalian para pelatih tololl ituu
anezakiya,0,10/12/2025 16:38,ğŸ¥º
aqilamzyy,2,10/12/2025 16:37,"di bangun oleh sty, dihancurkan oleh petrik... semangat buat pemain timnas, Garuda, kecuali Erick Thohir"
firdaus.of,0,10/12/2025 16:35,NT
phandyssamc,0,10/12/2025 16:35,Tim lain ganti pelatih tambah bagus . Laa time kita ganti pelatih tambah ancurr . PSSI kocak . Erik blunder #patrick_out
